wuaf_id,month,functionality_rate,tariff_collection_rate,meetings_held,maintenance_done,user_complaints,water_quality_test,financial_audit,training_attended,wa_salary_paid,spare_parts_stock,emergency_fund,user_satisfaction_score,wp_functional,total_wp
1,2024-01,0.985,0.803,2,1,3,0,1,1,1,1,3769,0.67,8,8
1,2024-02,0.938,0.917,2,1,0,1,0,2,1,1,4753,0.68,7,8
1,2024-03,0.947,0.68,1,1,1,1,1,1,1,1,4600,0.93,7,8
1,2024-04,0.949,0.896,1,1,3,1,1,0,1,1,3180,0.97,8,8
1,2024-05,0.888,0.643,2,0,0,1,1,1,1,0,4107,0.9,6,8
1,2024-06,0.987,0.946,2,1,1,1,1,1,1,0,2833,0.74,7,8
1,2024-07,0.886,0.921,1,0,3,0,1,0,0,1,2980,0.97,8,8
1,2024-08,0.912,0.905,1,1,0,1,1,0,1,1,2630,0.98,7,8
1,2024-09,0.923,0.866,2,1,2,1,1,1,1,1,3571,0.85,6,8
1,2024-10,0.871,0.867,1,0,2,1,0,1,0,1,2010,0.92,7,8
1,2024-11,0.95,0.948,2,0,3,0,1,1,1,1,4225,0.97,7,8
1,2024-12,0.913,0.712,2,0,1,0,1,1,1,0,2178,0.98,7,8
2,2024-01,0.973,0.896,2,1,3,1,1,2,0,0,4028,0.92,6,8
2,2024-02,0.786,0.845,1,1,2,0,0,1,0,1,3871,0.95,6,8
2,2024-03,0.936,0.795,1,1,1,1,0,1,0,1,4837,0.9,7,8
2,2024-04,0.777,0.677,1,0,3,0,1,1,0,0,2147,1.0,8,8
2,2024-05,0.928,0.967,1,1,2,0,0,1,0,0,4595,0.8,8,8
2,2024-06,0.952,0.837,1,1,2,0,1,0,0,1,3535,0.88,7,8
2,2024-07,0.983,0.685,1,1,3,1,0,0,0,1,4496,0.98,7,8
2,2024-08,0.854,0.971,1,1,1,1,1,1,0,1,2038,1.0,7,8
2,2024-09,0.872,0.865,2,1,1,1,0,2,0,1,3737,0.9,8,8
2,2024-10,0.991,0.863,2,1,2,1,1,1,0,1,3562,0.92,8,8
2,2024-11,0.973,0.762,2,1,2,1,0,1,0,1,4318,0.97,8,8
2,2024-12,0.992,0.661,1,0,3,1,0,0,0,1,3443,0.77,6,8
3,2024-01,0.963,0.878,1,1,1,1,0,2,0,1,3805,0.96,6,8
3,2024-02,0.856,0.915,2,1,0,0,1,1,0,1,2541,0.95,8,8
3,2024-03,0.859,0.953,2,1,2,1,1,1,0,0,3208,0.81,8,8
3,2024-04,0.981,0.912,2,0,3,0,1,0,0,0,4966,0.99,8,8
3,2024-05,0.954,0.751,2,0,2,1,1,1,0,1,3862,0.85,7,8
3,2024-06,0.923,0.754,2,1,2,1,1,0,0,1,4299,0.97,7,8
3,2024-07,0.945,0.959,1,1,3,0,1,1,0,1,2185,0.93,6,8
3,2024-08,0.937,0.925,2,0,0,1,0,0,0,1,3519,0.89,8,8
3,2024-09,0.934,0.724,2,1,1,0,1,1,0,1,3145,0.99,6,8
3,2024-10,0.897,0.941,2,1,3,0,0,0,0,0,3504,0.81,8,8
3,2024-11,0.998,0.883,2,1,2,1,1,1,0,1,2868,0.78,8,8
3,2024-12,0.937,0.949,1,1,2,1,1,2,0,1,4270,0.91,6,8
4,2024-01,0.895,0.881,1,0,1,1,1,2,1,0,2592,0.99,6,8
4,2024-02,0.97,0.813,2,1,0,1,1,0,1,0,4411,0.88,7,8
4,2024-03,0.939,0.933,1,1,0,1,1,0,1,1,3482,0.94,8,8
4,2024-04,0.939,0.804,1,1,1,0,1,2,1,1,2127,0.96,6,8
4,2024-05,0.904,0.815,2,0,3,1,1,1,1,1,4491,0.99,6,8
4,2024-06,0.973,0.826,1,1,2,1,1,1,1,1,2406,0.93,8,8
4,2024-07,0.802,0.954,1,0,1,1,0,1,1,1,3703,0.75,8,8
4,2024-08,0.942,0.901,1,1,2,1,1,0,1,1,2373,0.73,6,8
4,2024-09,0.901,0.987,1,1,2,1,1,2,0,1,4744,0.65,6,8
4,2024-10,0.833,0.851,2,1,3,0,0,1,1,1,4367,0.83,8,8
4,2024-11,0.986,0.921,1,1,3,1,1,2,1,0,4351,0.9,6,8
4,2024-12,0.75,0.877,2,0,0,1,1,2,1,1,4878,0.94,7,8
5,2024-01,0.925,0.78,2,1,1,0,1,1,1,1,2125,0.9,6,8
5,2024-02,0.907,0.762,1,1,3,1,1,2,1,0,4442,0.97,6,8
5,2024-03,0.901,0.896,1,1,0,1,1,2,1,1,3696,0.78,7,8
5,2024-04,0.985,0.761,1,1,0,1,1,2,1,1,4732,0.73,7,8
5,2024-05,0.874,0.759,1,1,0,1,1,0,1,0,3185,0.97,7,8
5,2024-06,0.84,0.98,1,1,3,1,1,2,1,1,4736,0.88,7,8
5,2024-07,0.944,0.814,1,1,0,1,1,0,1,1,4348,0.97,7,8
5,2024-08,0.953,0.817,2,1,3,1,1,2,1,1,3482,0.99,6,8
5,2024-09,0.895,0.814,2,0,1,1,1,0,1,1,3390,0.93,6,8
5,2024-10,0.913,0.733,2,1,0,1,1,2,1,0,3438,1.0,8,8
5,2024-11,0.82,0.753,1,1,1,1,1,0,1,1,2725,0.96,8,8
5,2024-12,0.938,0.865,2,1,3,1,0,2,1,1,4569,0.94,7,8
6,2024-01,0.976,0.909,1,1,3,1,1,1,1,1,2303,0.65,7,8
6,2024-02,0.734,0.938,2,1,0,1,1,2,1,0,4519,0.97,8,8
6,2024-03,0.875,0.867,2,1,0,1,0,2,1,1,4053,0.81,6,8
6,2024-04,0.968,0.781,1,1,2,0,1,2,1,1,3793,0.91,7,8
6,2024-05,0.993,0.8,1,1,2,1,0,2,1,0,4651,0.91,7,8
6,2024-06,0.864,0.811,1,1,3,1,0,2,0,1,2615,0.93,7,8
6,2024-07,0.749,0.714,1,1,1,0,1,2,1,1,4437,0.81,8,8
6,2024-08,0.883,0.935,1,1,3,1,1,0,1,0,4807,0.98,8,8
6,2024-09,0.944,0.763,1,1,3,1,1,1,1,1,3991,0.99,6,8
6,2024-10,0.972,0.925,1,0,1,1,0,0,1,1,4156,0.84,6,8
6,2024-11,0.7,0.805,2,0,1,1,1,0,1,0,2678,1.0,8,8
6,2024-12,0.803,0.987,2,1,2,1,1,1,1,0,3838,0.74,6,8
7,2024-01,0.841,0.812,1,1,3,0,1,2,0,0,3804,0.97,7,8
7,2024-02,0.878,0.681,2,1,3,0,0,2,0,1,3024,0.98,6,8
7,2024-03,0.961,0.902,2,0,0,1,1,0,0,1,2656,0.95,7,8
7,2024-04,0.991,0.558,2,0,1,1,1,0,0,0,3431,0.9,6,8
7,2024-05,0.986,0.835,2,1,2,1,0,1,0,1,3305,0.84,6,8
7,2024-06,0.943,0.665,2,1,1,1,0,1,0,1,2568,0.83,8,8
7,2024-07,0.986,0.905,2,1,0,0,1,0,0,0,4247,0.71,8,8
7,2024-08,0.836,0.907,2,1,2,1,1,0,0,1,4551,0.98,7,8
7,2024-09,0.888,0.91,1,1,3,1,1,2,0,1,4943,0.96,6,8
7,2024-10,0.987,0.85,2,1,2,1,1,2,0,1,4144,0.99,7,8
7,2024-11,0.968,0.719,1,0,0,1,1,2,0,1,3529,0.94,7,8
7,2024-12,0.972,0.905,1,1,0,1,0,2,0,1,4383,0.85,8,8
8,2024-01,0.707,0.835,2,1,2,1,0,0,0,0,4804,0.88,7,8
8,2024-02,0.955,0.828,2,1,1,1,0,1,0,1,2825,0.95,6,8
8,2024-03,0.761,0.984,1,0,2,0,1,2,0,1,2149,0.95,8,8
8,2024-04,0.989,0.842,1,1,0,0,1,0,0,0,3789,0.94,7,8
8,2024-05,0.931,0.834,2,0,3,1,1,2,0,1,4126,0.82,7,8
8,2024-06,0.908,0.842,1,1,0,1,0,0,0,1,3315,0.82,6,8
8,2024-07,0.997,0.919,1,1,2,1,1,1,0,1,3818,0.53,7,8
8,2024-08,0.87,0.88,2,1,2,1,1,2,0,0,2234,0.87,6,8
8,2024-09,0.894,0.697,2,1,1,0,1,2,0,1,3794,0.92,6,8
8,2024-10,0.945,0.768,1,1,2,1,0,0,0,1,4781,0.95,7,8
8,2024-11,0.906,0.948,2,1,0,1,1,1,0,1,3141,0.68,6,8
8,2024-12,0.992,0.754,1,1,1,1,1,2,0,1,3066,0.85,8,8
9,2024-01,0.89,0.777,2,1,2,1,0,0,1,0,3851,0.91,6,8
9,2024-02,0.652,0.94,2,0,2,1,0,2,1,0,2645,0.94,8,8
9,2024-03,0.822,0.757,1,1,1,1,1,0,1,1,3478,0.9,8,8
9,2024-04,0.965,0.838,2,1,1,1,1,1,1,1,3960,0.82,8,8
9,2024-05,0.99,0.665,2,1,0,1,1,0,1,1,3411,0.93,6,8
9,2024-06,0.917,0.981,1,1,1,1,0,0,1,1,3245,0.89,6,8
9,2024-07,0.98,0.938,1,1,1,1,0,1,1,1,4601,0.79,8,8
9,2024-08,0.92,0.818,2,1,2,1,1,2,1,0,2631,0.92,6,8
9,2024-09,0.879,0.709,2,0,0,1,1,0,0,0,3084,0.99,8,8
9,2024-10,0.9,0.951,1,1,3,1,1,2,1,1,3237,0.79,7,8
9,2024-11,0.974,0.888,1,0,3,1,1,0,1,1,3902,0.9,6,8
9,2024-12,0.941,0.812,2,1,2,0,1,1,0,1,3517,0.98,8,8
10,2024-01,0.951,0.813,1,1,3,1,1,0,1,1,3573,0.91,8,8
10,2024-02,0.916,0.859,2,1,1,1,0,2,1,0,4040,0.99,8,8
10,2024-03,0.983,0.97,2,1,2,1,1,1,1,0,2881,0.95,8,8
10,2024-04,0.884,0.769,2,1,2,1,0,2,1,1,2033,0.85,6,8
10,2024-05,0.923,0.914,2,1,2,1,0,1,1,1,4301,0.85,6,8
10,2024-06,0.965,0.863,2,1,0,1,1,2,1,0,4786,0.88,8,8
10,2024-07,0.85,0.949,1,1,0,1,0,1,1,1,2590,0.81,6,8
10,2024-08,0.935,0.757,2,1,0,1,0,1,1,1,4111,0.89,6,8
10,2024-09,0.827,0.944,2,0,2,1,0,2,1,1,4077,0.96,8,8
10,2024-10,0.809,0.768,2,1,2,1,1,1,1,0,4390,0.97,7,8
10,2024-11,0.928,0.946,1,1,2,0,0,2,1,1,4390,0.96,7,8
10,2024-12,0.95,0.882,1,1,3,1,1,0,1,1,2781,0.97,6,8
11,2024-01,0.977,0.132,2,1,1,1,0,1,0,0,4979,0.89,6,8
11,2024-02,0.917,0.212,1,1,3,1,1,0,0,1,4183,0.78,7,8
11,2024-03,0.989,0.164,2,1,1,0,1,1,0,1,3219,0.92,7,8
11,2024-04,0.949,0.211,2,1,2,1,0,2,0,1,2499,0.94,8,8
11,2024-05,0.869,0.203,2,0,3,1,0,0,0,1,3178,0.98,8,8
11,2024-06,0.988,0.024,2,1,3,1,0,1,0,0,4851,0.83,7,8
11,2024-07,0.974,0.041,1,1,1,1,1,1,0,1,3934,0.71,6,8
11,2024-08,0.984,0.204,1,1,1,1,0,1,0,1,2816,0.97,7,8
11,2024-09,0.869,0.096,1,0,0,1,1,2,0,1,2152,0.95,6,8
11,2024-10,0.907,0.125,1,0,0,0,1,1,0,1,3185,0.68,6,8
11,2024-11,0.965,0.003,1,0,2,1,0,2,0,1,2549,0.87,8,8
11,2024-12,0.981,0.14,1,0,2,1,1,1,0,1,2057,1.0,8,8
12,2024-01,0.964,0.958,2,1,1,1,0,1,1,1,2355,0.63,7,8
12,2024-02,0.977,0.95,1,1,1,1,0,0,1,1,3093,0.92,7,8
12,2024-03,0.889,0.511,2,1,0,1,1,0,1,1,3256,0.97,6,8
12,2024-04,0.918,0.952,2,1,2,1,1,1,1,1,2547,0.95,7,8
12,2024-05,0.958,0.884,1,1,2,1,1,1,1,0,2894,0.98,6,8
12,2024-06,0.966,0.655,1,1,2,1,1,0,1,0,2828,0.67,8,8
12,2024-07,0.924,0.845,1,1,3,1,1,2,1,0,3824,0.94,6,8
12,2024-08,0.882,0.81,2,1,3,1,1,1,1,1,2089,0.72,7,8
12,2024-09,0.853,0.836,2,0,1,1,1,1,1,1,2246,0.98,6,8
12,2024-10,0.914,0.716,2,1,3,1,1,2,0,1,3721,0.93,7,8
12,2024-11,0.92,0.788,2,1,3,1,1,2,1,1,3424,0.92,6,8
12,2024-12,0.773,0.945,1,0,3,1,0,0,1,0,3222,1.0,7,8
13,2024-01,0.921,0.705,2,1,1,1,1,1,0,1,4969,0.76,6,8
13,2024-02,0.913,0.736,1,0,3,1,0,0,0,1,2275,0.9,6,8
13,2024-03,0.951,0.918,1,1,0,1,1,1,0,1,2889,0.93,6,8
13,2024-04,0.931,0.978,1,1,2,1,0,2,0,1,4449,0.98,8,8
13,2024-05,0.951,0.836,2,1,1,0,1,1,0,1,2249,0.84,8,8
13,2024-06,0.919,0.915,1,1,3,1,1,1,0,0,4749,0.93,7,8
13,2024-07,0.984,0.953,2,1,3,1,1,2,0,1,2923,0.93,7,8
13,2024-08,0.995,0.769,1,0,0,1,0,2,0,1,3590,0.96,6,8
13,2024-09,0.899,0.745,2,1,0,0,0,0,0,1,2780,0.95,6,8
13,2024-10,0.845,0.918,2,1,0,0,1,2,0,1,4289,0.9,6,8
13,2024-11,0.922,0.751,2,1,2,1,0,0,0,0,2480,0.98,8,8
13,2024-12,0.97,0.776,2,0,1,1,1,1,0,0,3559,0.87,7,8
14,2024-01,0.816,0.865,2,1,2,1,1,0,1,1,3311,0.82,6,8
14,2024-02,0.893,0.842,2,1,0,1,1,0,1,1,4392,0.84,8,8
14,2024-03,0.949,0.694,2,1,1,1,1,0,1,1,4805,0.88,7,8
14,2024-04,0.817,0.816,2,1,3,0,1,1,1,1,3442,0.8,6,8
14,2024-05,0.931,0.847,1,1,3,1,0,2,0,1,2304,0.71,8,8
14,2024-06,0.988,0.905,1,1,3,1,1,0,1,1,4071,0.93,7,8
14,2024-07,0.921,0.805,2,1,3,1,1,2,1,1,4168,0.94,8,8
14,2024-08,0.868,0.956,2,1,2,1,0,2,1,0,2734,0.83,6,8
14,2024-09,0.872,0.822,1,1,1,1,1,1,1,1,3528,0.61,7,8
14,2024-10,0.871,0.901,2,1,1,1,0,0,1,0,2129,0.79,6,8
14,2024-11,0.764,0.983,2,1,3,1,1,0,1,0,4641,0.86,7,8
14,2024-12,0.957,0.796,1,0,0,1,0,2,1,1,2190,0.64,6,8
15,2024-01,0.822,0.871,2,0,0,1,0,0,0,0,4404,0.98,6,8
15,2024-02,0.883,0.863,2,0,2,1,1,1,0,1,4214,0.91,7,8
15,2024-03,0.958,0.572,2,1,1,1,1,0,0,1,3416,0.91,6,8
15,2024-04,0.747,0.895,1,1,0,1,0,2,0,1,3336,0.97,6,8
15,2024-05,0.802,0.978,2,1,3,1,1,1,0,1,4784,0.64,8,8
15,2024-06,0.976,0.97,2,1,2,1,0,0,0,1,3556,0.86,8,8
15,2024-07,0.924,0.957,1,1,2,1,1,1,0,1,3104,1.0,6,8
15,2024-08,0.947,0.921,1,1,3,1,1,1,0,1,2367,0.92,7,8
15,2024-09,0.978,0.721,1,1,2,0,1,1,0,1,2346,0.9,8,8
15,2024-10,0.95,0.839,1,1,1,1,1,1,0,1,4019,0.9,6,8
15,2024-11,0.906,0.845,1,1,2,1,1,0,0,1,3010,0.98,8,8
15,2024-12,0.874,0.953,2,1,1,1,1,0,0,0,3360,0.95,8,8
16,2024-01,0.943,0.114,2,1,3,1,0,2,1,1,4847,0.71,6,8
16,2024-02,0.852,0.144,1,0,2,1,1,1,0,0,3334,0.94,7,8
16,2024-03,0.906,0.084,2,1,1,1,1,2,1,1,4978,0.89,7,8
16,2024-04,0.967,0.283,1,1,2,1,1,1,1,1,3240,0.97,6,8
16,2024-05,0.995,0.076,1,1,3,1,0,1,1,1,4833,0.91,7,8
16,2024-06,0.962,0.163,2,1,0,1,1,2,1,1,2181,0.95,8,8
16,2024-07,0.909,0.295,2,0,2,0,1,0,1,1,4124,0.86,8,8
16,2024-08,0.95,0.174,1,1,3,1,1,2,1,1,2100,0.75,7,8
16,2024-09,0.986,0.031,2,0,0,1,0,0,1,1,2847,0.73,8,8
16,2024-10,0.942,0.145,2,1,3,1,1,2,1,0,4654,0.87,6,8
16,2024-11,0.952,0.203,1,0,1,1,1,1,1,0,2949,0.91,7,8
16,2024-12,0.834,0.189,1,1,3,1,0,0,1,1,2018,0.94,8,8
17,2024-01,0.997,0.953,1,1,0,1,0,2,1,1,3874,0.99,6,8
17,2024-02,0.923,0.908,2,1,3,1,1,2,1,1,2467,0.98,7,8
17,2024-03,0.895,0.781,2,0,1,1,0,1,0,1,4752,0.96,6,8
17,2024-04,0.966,0.877,2,1,2,1,1,0,1,1,2564,0.92,8,8
17,2024-05,0.995,0.895,2,1,3,1,1,2,0,1,2683,0.75,7,8
17,2024-06,0.847,0.87,2,1,2,1,1,1,0,1,2799,0.75,7,8
17,2024-07,0.836,0.763,2,1,3,1,0,1,1,1,2903,0.94,7,8
17,2024-08,0.997,0.564,1,1,2,1,1,2,1,1,4092,1.0,6,8
17,2024-09,0.907,0.832,1,1,2,1,0,2,1,1,3741,0.89,6,8
17,2024-10,0.969,0.888,1,1,0,1,1,0,1,0,2970,0.87,6,8
17,2024-11,0.925,0.797,2,0,3,1,1,0,1,0,4335,0.93,7,8
17,2024-12,0.855,0.948,2,1,1,1,0,1,1,0,4107,0.98,8,8
18,2024-01,0.885,0.554,1,1,3,0,0,2,0,1,2543,0.92,6,8
18,2024-02,0.976,0.748,1,1,1,1,1,1,0,1,4590,0.73,7,8
18,2024-03,0.928,0.907,2,1,0,1,0,0,0,1,3139,0.76,8,8
18,2024-04,0.937,0.888,2,1,3,1,1,2,0,1,3877,0.71,8,8
18,2024-05,0.9,0.918,2,0,3,1,1,0,0,1,3322,0.95,7,8
18,2024-06,0.94,0.93,2,1,1,1,1,1,0,0,2198,0.99,6,8
18,2024-07,0.84,0.843,1,1,3,1,0,0,0,1,2002,0.93,7,8
18,2024-08,0.823,0.858,1,0,1,0,1,1,0,1,3476,0.67,7,8
18,2024-09,0.911,0.959,1,1,1,1,1,2,0,1,2959,0.68,7,8
18,2024-10,0.966,0.923,1,1,0,1,1,2,0,1,4785,0.87,7,8
18,2024-11,0.889,0.95,1,1,2,1,0,1,0,1,3956,0.73,6,8
18,2024-12,0.969,0.913,1,1,0,1,1,1,0,1,2545,0.72,8,8
19,2024-01,0.961,0.704,1,1,0,1,1,1,0,1,4572,0.98,8,8
19,2024-02,0.96,0.939,1,0,3,0,1,0,0,1,2504,0.89,8,8
19,2024-03,0.941,0.952,2,1,3,1,1,1,0,1,3016,0.91,8,8
19,2024-04,0.852,0.862,2,1,0,1,1,1,0,1,4485,0.85,8,8
19,2024-05,0.951,0.736,1,1,2,1,0,0,0,1,2461,0.69,6,8
19,2024-06,0.921,0.606,2,1,0,1,0,1,0,0,2540,0.72,7,8
19,2024-07,0.905,0.79,2,1,1,1,0,0,0,1,2276,0.87,6,8
19,2024-08,0.882,0.896,2,1,0,0,1,1,0,1,4052,0.97,7,8
19,2024-09,0.916,0.862,2,1,0,1,1,0,0,1,3269,0.98,6,8
19,2024-10,0.887,0.779,1,0,1,1,1,2,0,0,4661,0.91,8,8
19,2024-11,0.742,0.528,1,1,3,1,0,0,0,1,3779,0.99,6,8
19,2024-12,0.98,0.907,2,1,0,1,0,2,0,1,2051,0.89,8,8
20,2024-01,0.993,0.678,1,1,1,1,1,2,0,0,4952,0.98,7,8
20,2024-02,0.94,0.928,1,1,2,1,1,0,0,1,3758,0.89,7,8
20,2024-03,0.879,0.947,1,1,0,1,1,0,0,1,4321,0.98,6,8
20,2024-04,0.886,0.843,2,1,0,0,1,0,0,1,4084,0.87,6,8
20,2024-05,0.968,0.896,1,0,0,1,1,1,0,0,2733,0.5,6,8
20,2024-06,0.836,0.724,2,1,1,1,0,1,0,0,4341,0.8,7,8
20,2024-07,0.921,0.936,1,1,0,1,0,0,0,0,2282,1.0,7,8
20,2024-08,0.744,0.845,2,1,2,1,1,0,0,1,3194,0.93,8,8
20,2024-09,0.969,0.885,2,1,1,1,1,1,0,0,2800,0.97,8,8
20,2024-10,0.951,0.837,1,1,3,1,1,2,0,0,2039,0.84,7,8
20,2024-11,0.849,0.936,1,1,3,1,0,0,0,1,2975,0.83,7,8
20,2024-12,0.991,0.814,2,0,1,1,1,0,0,0,4128,0.94,7,8
21,2024-01,0.85,0.926,2,1,0,1,1,2,1,1,4325,0.77,6,8
21,2024-02,0.947,0.877,2,1,1,1,1,1,0,1,3336,0.73,7,8
21,2024-03,0.82,0.977,2,1,0,0,1,2,1,1,3841,0.84,7,8
21,2024-04,0.711,0.935,2,1,2,0,1,1,1,0,2370,0.99,6,8
21,2024-05,0.939,0.882,2,0,0,1,0,0,1,1,3457,0.97,7,8
21,2024-06,0.727,0.974,1,1,2,1,1,1,1,1,4253,0.89,6,8
21,2024-07,0.979,0.851,1,1,1,1,1,0,1,0,3524,0.98,8,8
21,2024-08,0.949,0.915,1,1,2,0,1,0,1,1,2527,0.96,6,8
21,2024-09,0.89,0.666,2,1,3,1,0,1,1,1,2120,0.82,7,8
21,2024-10,0.954,0.85,2,1,1,0,1,1,1,1,4536,0.79,8,8
21,2024-11,0.878,0.947,1,1,3,1,1,0,1,1,3717,0.91,6,8
21,2024-12,0.892,0.873,1,1,0,0,0,1,1,0,3409,0.71,8,8
22,2024-01,0.93,0.96,2,1,1,1,1,0,1,0,2239,0.94,7,8
22,2024-02,0.9,0.894,2,1,1,0,1,2,1,1,2229,0.9,6,8
22,2024-03,0.988,0.944,2,1,1,1,1,2,1,0,2115,1.0,8,8
22,2024-04,0.89,0.987,2,0,1,1,1,1,1,1,2155,0.82,6,8
22,2024-05,0.758,0.958,1,1,1,1,1,1,0,1,2534,0.94,7,8
22,2024-06,0.925,0.984,1,0,2,1,1,2,0,0,4155,0.85,7,8
22,2024-07,0.901,0.898,1,1,3,1,1,1,1,1,3789,0.82,8,8
22,2024-08,0.853,0.92,2,1,1,1,1,2,1,1,4412,0.75,6,8
22,2024-09,0.909,0.836,2,1,2,1,0,2,0,1,4324,0.93,6,8
22,2024-10,0.955,0.983,1,1,1,1,1,1,1,1,2974,0.91,7,8
22,2024-11,0.979,0.944,2,1,0,1,1,2,1,1,3086,0.94,6,8
22,2024-12,0.875,0.766,1,1,2,1,1,0,1,1,3718,0.89,6,8
23,2024-01,0.806,0.902,2,1,3,1,1,1,1,1,4814,0.96,6,8
23,2024-02,0.992,0.871,1,1,0,1,1,0,1,1,3537,0.91,6,8
23,2024-03,0.988,0.859,1,1,0,1,0,1,1,1,4677,0.82,6,8
23,2024-04,0.959,0.776,2,1,0,1,0,1,1,1,4989,0.79,8,8
23,2024-05,0.919,0.711,2,1,2,1,1,2,1,1,2223,0.79,7,8
23,2024-06,0.868,0.916,1,1,2,1,1,1,1,1,2699,0.99,8,8
23,2024-07,0.883,0.893,2,0,3,1,1,1,1,0,3085,0.96,6,8
23,2024-08,0.832,0.979,2,1,3,1,1,1,1,1,3100,1.0,8,8
23,2024-09,0.942,0.961,1,1,0,1,1,2,1,0,2931,0.97,8,8
23,2024-10,0.909,0.902,1,0,3,0,1,1,1,1,3224,0.96,6,8
23,2024-11,0.942,0.868,2,0,0,1,0,2,1,1,2492,0.94,7,8
23,2024-12,0.923,0.73,1,0,1,0,0,0,1,1,4798,0.91,7,8
24,2024-01,0.808,0.908,1,0,1,1,1,2,0,1,3589,0.89,8,8
24,2024-02,0.757,0.892,2,1,2,1,0,0,1,1,4140,0.97,7,8
24,2024-03,0.948,0.745,1,1,1,1,1,0,0,1,2413,0.98,7,8
24,2024-04,0.881,0.957,2,0,2,1,1,2,1,1,3650,0.98,6,8
24,2024-05,0.933,0.687,2,1,2,1,1,1,0,0,2082,0.72,7,8
24,2024-06,0.986,0.736,2,1,3,0,1,0,1,0,3814,0.96,7,8
24,2024-07,0.974,0.77,2,1,0,1,1,1,1,0,3531,0.93,6,8
24,2024-08,0.938,0.877,1,1,3,1,0,2,1,1,2822,0.8,6,8
24,2024-09,0.966,0.734,1,1,0,0,0,1,1,1,3625,0.96,8,8
24,2024-10,0.875,0.952,1,1,1,1,1,0,0,1,4258,0.78,7,8
24,2024-11,0.91,0.949,2,1,2,1,1,1,1,1,4343,0.85,6,8
24,2024-12,0.97,0.883,1,1,1,1,1,0,1,0,4794,0.63,6,8
25,2024-01,0.876,0.931,2,0,1,1,1,1,1,0,4919,0.78,8,8
25,2024-02,0.971,0.923,2,1,3,0,1,0,1,1,4554,0.93,7,8
25,2024-03,0.873,0.797,1,1,2,1,1,1,1,1,2261,0.94,7,8
25,2024-04,0.856,0.937,2,1,2,1,0,2,1,1,2984,0.97,6,8
25,2024-05,0.895,0.843,2,1,1,1,1,1,1,1,3590,0.82,8,8
25,2024-06,0.959,0.879,1,1,1,1,0,2,1,0,4751,0.93,7,8
25,2024-07,0.948,0.847,2,0,1,1,1,2,1,0,2749,0.95,8,8
25,2024-08,0.934,0.982,2,1,1,1,0,1,1,0,3522,0.88,7,8
25,2024-09,0.824,0.791,2,1,0,1,0,2,1,1,3934,0.97,6,8
25,2024-10,0.952,0.929,1,0,3,1,1,0,1,1,3676,0.86,8,8
25,2024-11,0.952,0.84,2,1,1,1,1,2,0,1,2237,0.84,6,8
25,2024-12,0.952,0.935,2,1,1,1,1,0,1,1,3758,0.93,7,8
26,2024-01,0.917,0.129,2,1,0,1,0,0,1,0,4175,0.73,6,8
26,2024-02,0.907,0.005,1,1,1,1,0,1,1,1,4411,0.88,7,8
26,2024-03,0.926,0.05,1,1,2,1,1,2,1,0,2548,0.91,7,8
26,2024-04,0.929,0.299,2,1,1,1,0,1,1,1,2537,0.76,6,8
26,2024-05,0.837,0.22,1,1,0,1,1,2,1,1,2196,0.91,8,8
26,2024-06,0.961,0.032,1,1,0,1,1,2,1,1,2841,0.96,8,8
26,2024-07,0.893,0.206,1,1,0,1,1,2,1,1,2429,0.91,8,8
26,2024-08,0.975,0.216,1,1,0,1,1,1,1,0,3466,0.98,8,8
26,2024-09,0.949,0.123,1,1,3,0,1,1,1,1,4751,0.99,6,8
26,2024-10,0.947,0.272,2,1,0,1,1,2,1,1,2946,0.92,7,8
26,2024-11,0.799,0.297,2,1,0,1,1,0,1,1,4772,0.82,7,8
26,2024-12,0.668,0.128,1,1,0,1,1,2,1,1,3792,0.99,8,8
27,2024-01,0.908,0.781,2,0,0,1,1,0,1,0,3113,0.94,7,8
27,2024-02,0.854,0.916,2,1,1,1,1,0,0,0,2424,0.98,7,8
27,2024-03,0.903,0.848,2,0,3,1,1,1,1,0,4978,0.94,6,8
27,2024-04,0.859,0.923,2,0,0,0,1,0,1,1,4885,0.9,8,8
27,2024-05,0.879,0.85,1,0,2,1,1,2,1,1,3018,0.99,7,8
27,2024-06,0.704,0.891,2,1,3,1,0,2,1,1,2642,0.92,8,8
27,2024-07,0.765,0.982,2,0,1,1,1,0,1,1,4076,0.88,6,8
27,2024-08,0.808,0.994,2,1,1,1,1,2,1,0,3831,0.98,7,8
27,2024-09,0.913,0.888,1,0,0,1,1,2,1,0,4474,0.96,8,8
27,2024-10,0.892,0.928,2,0,1,1,1,1,1,1,2913,0.95,7,8
27,2024-11,0.887,0.889,2,1,3,1,1,1,1,0,2908,0.95,6,8
27,2024-12,0.871,0.901,2,1,2,1,1,0,1,1,2575,0.98,8,8
28,2024-01,0.936,0.898,2,1,1,1,0,1,1,0,2780,0.99,8,8
28,2024-02,0.914,0.88,2,1,3,1,1,2,1,0,3845,0.91,7,8
28,2024-03,0.89,0.917,1,0,0,1,1,1,1,1,4082,0.93,6,8
28,2024-04,0.916,0.977,1,1,1,1,1,2,1,1,3575,0.87,7,8
28,2024-05,0.987,0.838,1,1,2,0,1,0,1,1,4098,0.6,7,8
28,2024-06,0.95,0.759,2,1,1,1,1,1,1,0,2543,0.98,8,8
28,2024-07,0.897,0.953,1,1,2,1,0,2,1,1,4732,1.0,8,8
28,2024-08,0.888,0.857,2,1,2,0,1,0,1,1,2595,0.88,6,8
28,2024-09,0.989,0.755,1,1,1,0,1,0,1,1,3208,0.81,6,8
28,2024-10,0.895,0.747,1,1,3,1,0,2,1,1,4650,0.99,8,8
28,2024-11,0.91,0.91,2,1,2,1,1,1,1,0,4806,0.95,7,8
28,2024-12,0.735,0.711,1,1,2,1,0,1,1,0,4886,0.85,8,8
29,2024-01,0.948,0.87,2,1,1,1,0,1,1,0,2305,0.7,6,8
29,2024-02,0.958,0.764,1,1,0,1,1,2,1,1,3044,0.88,6,8
29,2024-03,0.986,0.837,2,1,1,1,0,2,1,0,4521,0.94,8,8
29,2024-04,0.959,0.851,2,1,2,1,0,2,1,1,2279,1.0,8,8
29,2024-05,0.962,0.881,1,1,3,1,1,0,1,1,3202,1.0,6,8
29,2024-06,0.928,0.91,2,0,0,1,1,0,0,1,4544,0.85,6,8
29,2024-07,0.791,0.864,1,1,2,1,0,0,1,1,3158,0.9,6,8
29,2024-08,0.917,0.907,2,1,3,1,1,2,1,1,2393,0.83,6,8
29,2024-09,0.992,0.774,1,1,1,1,0,2,1,1,4202,0.93,8,8
29,2024-10,0.974,0.772,2,1,0,1,1,1,1,1,2300,1.0,6,8
29,2024-11,0.944,0.852,1,1,0,1,1,1,1,1,3656,0.91,7,8
29,2024-12,0.909,0.798,2,1,0,1,1,2,1,1,2186,0.84,8,8
30,2024-01,0.881,0.838,1,1,0,1,1,2,1,0,3792,0.99,7,8
30,2024-02,0.904,0.84,2,0,0,1,1,0,1,0,4235,0.76,7,8
30,2024-03,0.979,0.867,1,1,2,0,1,2,1,1,4345,0.87,8,8
30,2024-04,0.865,0.85,2,1,0,1,0,2,1,1,4645,0.8,8,8
30,2024-05,0.868,0.971,1,1,1,1,1,0,1,0,2222,0.83,8,8
30,2024-06,0.95,0.9,2,1,0,1,1,0,1,1,3355,0.77,7,8
30,2024-07,0.891,0.869,1,1,1,1,1,0,1,1,4524,0.9,8,8
30,2024-08,0.822,0.957,2,1,1,1,1,1,0,1,3282,0.92,6,8
30,2024-09,0.924,0.889,1,1,3,1,1,2,1,0,3895,0.91,7,8
30,2024-10,0.94,0.921,2,1,3,1,1,2,1,1,2573,0.78,8,8
30,2024-11,0.951,0.74,1,1,0,1,0,2,1,0,4371,0.98,7,8
30,2024-12,0.801,0.891,1,0,2,1,0,1,1,1,3607,0.84,6,8
31,2024-01,0.981,0.846,2,1,0,1,1,2,1,0,4515,0.93,8,8
31,2024-02,0.742,0.777,1,1,1,1,1,2,1,0,4998,0.94,7,8
31,2024-03,0.909,0.8,2,1,3,1,1,0,1,1,3479,0.9,7,8
31,2024-04,0.949,0.887,2,0,0,1,1,0,1,1,3120,0.76,8,8
31,2024-05,0.942,0.94,2,1,1,1,1,2,1,0,4116,0.78,7,8
31,2024-06,0.834,0.876,2,0,1,1,1,1,1,1,4474,0.98,6,8
31,2024-07,0.879,0.869,1,1,1,1,1,0,1,1,4465,0.91,8,8
31,2024-08,0.912,0.906,1,1,3,1,0,1,1,1,4419,0.9,6,8
31,2024-09,0.921,0.991,2,1,0,1,1,0,1,1,4344,0.94,6,8
31,2024-10,0.879,0.908,1,1,1,1,1,2,1,0,4981,0.88,8,8
31,2024-11,0.969,0.805,2,0,1,1,0,1,1,0,4461,0.93,6,8
31,2024-12,0.809,0.849,1,1,2,1,1,1,1,1,3549,0.9,7,8
32,2024-01,0.865,0.843,1,1,1,1,0,2,1,1,2394,0.93,6,8
32,2024-02,0.893,0.931,2,0,0,0,1,0,1,1,4471,0.97,8,8
32,2024-03,0.816,0.952,1,0,3,1,1,0,1,1,3974,0.99,7,8
32,2024-04,0.976,0.704,2,1,0,1,1,0,0,1,4450,0.83,8,8
32,2024-05,0.978,0.805,2,1,0,1,0,2,1,1,3536,0.73,8,8
32,2024-06,0.977,0.818,1,1,2,1,1,1,1,1,4195,0.86,7,8
32,2024-07,0.836,0.976,2,1,3,1,1,2,1,1,4272,0.87,7,8
32,2024-08,0.857,0.882,2,0,2,1,1,0,1,1,2941,0.91,7,8
32,2024-09,0.954,0.829,1,1,3,1,0,2,1,1,2658,0.58,7,8
32,2024-10,0.917,0.957,1,0,1,1,1,0,1,1,2327,1.0,8,8
32,2024-11,0.922,0.975,1,1,3,1,1,2,0,1,2717,0.88,8,8
32,2024-12,0.961,0.935,2,1,1,0,0,2,1,1,4455,0.94,8,8
33,2024-01,0.862,0.717,1,1,0,1,1,0,1,1,3636,0.93,7,8
33,2024-02,0.897,0.881,2,1,1,1,0,0,0,1,4974,0.93,8,8
33,2024-03,0.975,0.875,2,1,2,1,0,1,0,1,3069,0.95,6,8
33,2024-04,0.979,0.8,2,1,0,1,1,0,1,0,4203,0.76,8,8
33,2024-05,0.688,0.823,2,1,3,1,0,1,0,1,3887,0.74,8,8
33,2024-06,0.887,0.969,1,1,2,1,1,0,1,1,3293,0.97,7,8
33,2024-07,0.907,0.89,2,1,0,1,1,1,1,1,3400,0.85,6,8
33,2024-08,0.974,0.761,1,1,2,1,1,0,0,1,2778,0.91,7,8
33,2024-09,0.942,0.807,1,1,1,0,1,0,1,0,3458,0.93,6,8
33,2024-10,0.823,0.726,1,1,0,1,1,2,1,0,2173,0.96,7,8
33,2024-11,0.829,0.904,2,1,3,0,0,2,1,1,4093,0.81,7,8
33,2024-12,0.861,0.964,2,1,1,1,0,1,0,1,3422,0.99,7,8
34,2024-01,0.91,0.782,1,1,0,1,1,2,1,1,3554,0.84,8,8
34,2024-02,0.938,0.842,1,1,2,1,1,1,1,1,3498,0.88,6,8
34,2024-03,0.984,0.873,2,1,3,1,1,1,1,1,2537,0.88,8,8
34,2024-04,0.78,0.902,1,0,2,1,1,1,1,0,2612,0.99,7,8
34,2024-05,0.77,0.738,1,1,3,1,0,2,1,1,3993,0.76,7,8
34,2024-06,0.93,0.847,2,1,0,1,1,0,1,1,4579,0.97,6,8
34,2024-07,0.911,0.89,2,1,2,1,1,1,1,1,3438,0.87,8,8
34,2024-08,0.919,0.867,1,1,1,0,1,1,1,1,3830,0.77,6,8
34,2024-09,0.93,0.903,2,1,3,1,1,0,1,0,3727,0.94,8,8
34,2024-10,0.936,0.628,2,0,0,1,1,1,1,1,3095,0.76,8,8
34,2024-11,0.973,0.702,2,1,3,1,0,2,1,0,3695,0.89,6,8
34,2024-12,0.955,0.804,1,0,1,1,1,2,1,1,2683,0.96,7,8
35,2024-01,0.985,0.837,1,1,3,1,1,1,1,0,2425,0.9,7,8
35,2024-02,0.893,0.976,1,1,3,1,1,1,1,1,4157,0.74,6,8
35,2024-03,0.976,0.871,1,1,2,0,1,1,1,0,3115,0.93,8,8
35,2024-04,0.997,0.836,2,1,1,1,1,2,1,1,4144,0.85,8,8
35,2024-05,0.873,0.837,2,0,3,1,0,1,1,1,2637,0.89,7,8
35,2024-06,0.967,0.769,1,1,1,1,1,0,1,1,3954,0.78,7,8
35,2024-07,0.925,0.975,1,1,2,1,0,2,1,1,4296,0.93,7,8
35,2024-08,0.877,0.782,2,1,3,1,1,0,1,1,4511,0.95,8,8
35,2024-09,0.802,0.941,2,1,2,1,0,0,1,1,3865,0.93,8,8
35,2024-10,0.988,0.836,2,1,3,1,1,0,0,1,2418,0.95,7,8
35,2024-11,0.936,0.733,2,1,3,1,1,0,1,1,3721,1.0,7,8
35,2024-12,0.928,0.865,2,0,3,1,1,0,1,0,2229,0.82,7,8
36,2024-01,0.882,0.233,1,1,1,1,0,1,1,1,4927,0.88,6,8
36,2024-02,0.807,0.115,2,1,0,1,0,0,1,0,3936,0.82,7,8
36,2024-03,0.864,0.204,2,0,1,1,1,2,1,1,4615,0.96,7,8
36,2024-04,0.838,0.06,1,0,1,0,1,1,1,1,3130,0.97,8,8
36,2024-05,0.984,0.036,1,1,0,1,1,2,1,1,2366,0.83,6,8
36,2024-06,0.97,0.047,1,1,2,0,0,2,1,1,2630,0.95,8,8
36,2024-07,0.898,0.161,1,1,1,1,1,2,1,0,3796,0.77,8,8
36,2024-08,0.967,0.058,2,1,1,1,1,2,1,1,4855,0.86,7,8
36,2024-09,0.973,0.057,1,1,2,1,1,2,0,1,2282,0.84,8,8
36,2024-10,0.954,0.047,2,0,2,1,0,2,1,1,2076,0.85,8,8
36,2024-11,0.953,0.257,1,1,0,1,1,1,1,1,4258,0.97,6,8
36,2024-12,0.886,0.184,2,1,2,1,1,0,1,0,2731,0.89,6,8
37,2024-01,0.92,0.778,1,1,1,1,1,1,1,1,4872,0.96,8,8
37,2024-02,0.98,0.943,2,1,1,1,1,0,1,0,2327,0.67,7,8
37,2024-03,0.916,0.984,1,1,3,1,0,0,1,1,2166,0.64,8,8
37,2024-04,0.939,0.744,1,0,0,0,0,0,1,1,3578,0.95,6,8
37,2024-05,0.947,0.755,1,1,1,1,0,2,1,1,2432,0.83,8,8
37,2024-06,0.675,0.493,2,1,3,0,1,0,1,1,4693,0.99,6,8
37,2024-07,0.844,0.98,2,0,2,1,0,1,1,1,4973,0.98,7,8
37,2024-08,0.982,0.98,1,1,1,1,1,2,1,0,3832,0.87,7,8
37,2024-09,0.935,0.9,1,1,2,1,1,1,1,0,2879,0.91,7,8
37,2024-10,0.91,0.602,1,1,2,0,1,2,0,1,2154,0.93,7,8
37,2024-11,0.86,0.891,2,1,2,1,1,0,1,1,4336,0.93,7,8
37,2024-12,0.958,0.769,1,1,2,1,1,2,1,0,2390,0.99,8,8
38,2024-01,0.973,0.193,1,1,3,1,1,1,1,0,3706,1.0,6,8
38,2024-02,0.978,0.261,1,1,0,1,1,0,1,1,4211,0.9,8,8
38,2024-03,0.961,0.045,1,1,3,0,0,2,1,1,3186,0.76,7,8
38,2024-04,0.787,0.044,2,1,0,1,1,1,1,0,2534,0.56,6,8
38,2024-05,0.785,0.144,1,1,1,1,0,2,1,1,3761,0.96,7,8
38,2024-06,0.874,0.205,1,1,3,1,1,1,1,1,3248,0.91,6,8
38,2024-07,0.988,0.296,2,1,3,1,0,0,1,1,4983,0.79,6,8
38,2024-08,0.912,0.034,1,1,1,0,0,0,1,0,3249,0.65,7,8
38,2024-09,0.942,0.141,2,1,1,1,1,1,1,1,2578,0.94,8,8
38,2024-10,0.803,0.21,1,1,0,1,1,0,1,1,2217,0.98,7,8
38,2024-11,0.955,0.196,1,1,2,1,0,1,1,1,4659,0.86,7,8
38,2024-12,0.974,0.069,2,1,0,0,1,2,1,1,4050,0.73,7,8
39,2024-01,0.937,0.168,1,1,2,1,1,0,0,1,4802,0.75,7,8
39,2024-02,0.847,0.107,2,1,2,1,1,1,0,0,2120,0.83,8,8
39,2024-03,0.936,0.285,1,1,3,1,1,1,0,1,4777,0.86,8,8
39,2024-04,0.962,0.262,1,1,1,1,1,2,0,1,4220,0.86,6,8
39,2024-05,0.96,0.062,1,1,1,0,1,2,0,0,2553,0.7,7,8
39,2024-06,0.922,0.299,1,1,1,1,1,2,0,1,3300,0.88,6,8
39,2024-07,0.985,0.218,2,0,3,0,1,2,0,0,4608,0.9,8,8
39,2024-08,0.93,0.082,1,1,1,1,0,2,0,1,4322,0.96,8,8
39,2024-09,0.949,0.069,1,1,0,1,1,1,0,1,4476,0.99,7,8
39,2024-10,0.93,0.214,2,1,3,1,1,0,0,1,3673,0.95,6,8
39,2024-11,0.968,0.278,2,1,1,1,1,1,0,0,4006,0.98,8,8
39,2024-12,0.961,0.097,2,0,3,1,1,2,0,0,4949,1.0,7,8
40,2024-01,0.931,0.878,2,1,0,1,1,0,1,1,4203,0.85,7,8
40,2024-02,0.979,0.995,1,1,0,1,1,1,1,1,2681,0.91,7,8
40,2024-03,0.845,0.932,2,1,0,1,0,1,1,1,4959,0.89,8,8
40,2024-04,0.957,0.772,1,1,1,1,1,0,1,1,4918,0.99,6,8
40,2024-05,0.97,0.831,2,1,2,1,0,0,1,1,2467,0.87,8,8
40,2024-06,0.874,0.909,2,1,0,1,1,2,1,1,4254,0.77,7,8
40,2024-07,0.957,0.775,1,1,2,1,1,0,1,1,4916,0.9,6,8
40,2024-08,0.979,0.649,2,1,3,1,1,0,0,1,3036,0.89,6,8
40,2024-09,0.783,0.882,2,1,3,1,1,1,1,1,3948,0.96,7,8
40,2024-10,0.984,0.956,2,1,0,1,1,2,1,0,2850,0.9,6,8
40,2024-11,0.943,0.919,1,1,2,1,0,2,1,1,3356,0.98,6,8
40,2024-12,0.877,0.885,1,1,1,1,1,2,1,1,4302,0.74,6,8
41,2024-01,0.924,0.29,2,0,0,1,1,1,0,0,3750,0.96,8,8
41,2024-02,0.913,0.019,2,1,2,1,1,0,0,1,4506,0.85,6,8
41,2024-03,0.91,0.033,1,1,2,1,0,1,0,1,4552,0.82,7,8
41,2024-04,0.825,0.278,2,1,3,1,1,2,0,1,3189,0.72,6,8
41,2024-05,0.946,0.0,1,1,0,1,1,2,0,0,3695,0.71,6,8
41,2024-06,0.907,0.1,1,1,1,1,1,0,0,1,4075,0.94,8,8
41,2024-07,0.862,0.097,1,1,2,1,0,2,0,0,2719,0.94,6,8
41,2024-08,0.783,0.099,2,0,3,0,0,2,0,1,2636,0.99,8,8
41,2024-09,0.961,0.138,2,1,3,0,1,2,0,1,4969,0.82,8,8
41,2024-10,0.893,0.095,1,1,2,1,0,1,0,1,2611,0.92,7,8
41,2024-11,0.868,0.252,2,0,1,1,1,2,0,1,3262,0.8,8,8
41,2024-12,0.978,0.257,1,1,0,1,1,1,0,0,3239,0.98,6,8
42,2024-01,0.891,0.158,1,1,0,1,0,1,1,0,4048,0.74,6,8
42,2024-02,0.874,0.057,2,1,2,1,1,0,1,0,4771,0.99,6,8
42,2024-03,0.962,0.062,1,1,0,1,0,2,1,0,3365,1.0,7,8
42,2024-04,0.863,0.267,1,1,2,1,0,2,1,1,2788,0.87,7,8
42,2024-05,0.934,0.083,2,1,0,1,1,0,1,1,4105,0.84,6,8
42,2024-06,0.915,0.062,2,1,2,1,0,1,1,1,3275,0.92,8,8
42,2024-07,0.971,0.268,2,1,0,1,1,0,1,1,3605,0.81,6,8
42,2024-08,0.934,0.211,2,1,2,1,1,2,1,1,3907,1.0,8,8
42,2024-09,0.701,0.04,2,1,2,1,0,1,1,0,2588,0.85,8,8
42,2024-10,0.905,0.077,2,1,2,1,0,1,1,1,2462,0.92,7,8
42,2024-11,0.963,0.144,1,1,2,1,1,0,1,1,2438,0.89,7,8
42,2024-12,0.832,0.167,1,1,3,1,1,2,1,1,3975,0.99,7,8
43,2024-01,0.933,0.593,1,1,3,1,1,1,0,1,2967,0.94,6,8
43,2024-02,0.951,0.922,1,1,3,1,1,1,0,1,3823,0.93,6,8
43,2024-03,0.865,0.897,2,0,0,1,1,2,0,0,3552,0.96,7,8
43,2024-04,0.784,0.73,2,1,0,1,0,2,0,0,4605,0.96,6,8
43,2024-05,0.873,0.77,1,1,3,1,1,2,0,1,2842,0.97,8,8
43,2024-06,0.94,0.877,2,1,2,0,0,2,0,0,3410,0.67,6,8
43,2024-07,0.948,0.882,1,1,3,1,0,0,0,1,4248,0.92,6,8
43,2024-08,0.973,0.977,1,1,2,1,1,0,0,1,4876,0.98,8,8
43,2024-09,0.991,0.835,2,1,3,1,1,0,0,1,3945,0.84,6,8
43,2024-10,0.929,0.837,1,1,2,1,1,2,0,1,2047,0.84,6,8
43,2024-11,0.981,0.981,1,1,3,1,0,0,0,1,4630,0.89,7,8
43,2024-12,0.929,0.959,2,0,3,1,1,1,0,1,3843,0.76,7,8
44,2024-01,0.904,0.107,1,1,0,1,0,0,1,1,4237,0.82,8,8
44,2024-02,0.783,0.11,1,1,2,1,1,2,1,1,4156,0.85,7,8
44,2024-03,0.852,0.139,1,1,0,1,1,2,0,1,4595,0.98,8,8
44,2024-04,0.936,0.239,2,1,2,1,1,1,1,1,3357,0.95,7,8
44,2024-05,0.982,0.106,2,1,0,1,1,1,1,1,2251,0.92,8,8
44,2024-06,0.844,0.142,1,1,2,1,1,1,1,1,2314,0.96,7,8
44,2024-07,0.944,0.076,2,1,2,1,1,0,0,1,4699,0.78,7,8
44,2024-08,0.919,0.111,1,1,1,1,0,0,1,1,2594,0.9,8,8
44,2024-09,0.957,0.28,1,0,3,1,1,1,1,1,4366,0.94,8,8
44,2024-10,0.937,0.253,1,1,0,1,1,1,1,1,4181,0.89,6,8
44,2024-11,0.946,0.114,2,1,1,1,1,1,0,1,4779,0.87,7,8
44,2024-12,0.983,0.289,1,1,2,0,1,2,1,1,3093,0.96,6,8
45,2024-01,0.987,0.932,2,1,3,1,1,0,1,1,2798,0.95,8,8
45,2024-02,0.954,0.783,2,1,1,1,1,0,1,1,2400,0.99,8,8
45,2024-03,0.963,0.7,1,1,2,1,1,0,1,1,2232,0.92,8,8
45,2024-04,0.891,0.882,1,0,0,1,1,2,1,1,4653,0.98,8,8
45,2024-05,0.93,0.819,1,0,1,1,1,0,1,0,3132,0.94,7,8
45,2024-06,0.972,0.83,2,1,0,1,1,1,1,1,3084,0.97,6,8
45,2024-07,0.931,0.829,2,1,1,1,1,1,1,1,3766,0.98,6,8
45,2024-08,0.995,0.927,1,0,2,1,1,2,1,0,2076,0.96,7,8
45,2024-09,0.867,0.842,1,1,0,0,1,1,1,1,3602,0.81,8,8
45,2024-10,0.885,0.809,1,1,3,1,1,2,1,0,4212,0.75,6,8
45,2024-11,0.891,0.993,1,1,3,1,1,1,1,1,2226,0.84,8,8
45,2024-12,0.786,0.903,1,1,2,1,1,1,1,1,2161,0.96,7,8
46,2024-01,0.853,0.198,2,1,0,1,1,0,1,1,2776,0.92,6,8
46,2024-02,0.944,0.011,1,1,1,1,1,2,1,1,3840,0.94,6,8
46,2024-03,0.958,0.011,1,1,0,1,1,2,1,1,4777,0.8,8,8
46,2024-04,0.86,0.045,1,0,0,1,1,0,1,0,2187,0.82,6,8
46,2024-05,0.895,0.21,1,1,0,0,0,0,1,1,4420,0.9,6,8
46,2024-06,0.971,0.245,1,1,1,1,1,1,1,0,4778,0.89,7,8
46,2024-07,0.986,0.097,1,1,1,1,1,1,1,1,3700,0.73,6,8
46,2024-08,0.95,0.209,1,1,0,1,0,2,1,0,2064,0.94,7,8
46,2024-09,0.837,0.024,1,1,0,1,1,1,1,0,3949,0.76,8,8
46,2024-10,0.651,0.038,1,1,3,1,0,2,1,1,4937,0.87,7,8
46,2024-11,0.99,0.184,1,1,2,1,1,0,1,0,2391,0.8,8,8
46,2024-12,0.834,0.109,1,1,1,1,1,0,1,0,3943,0.99,7,8
47,2024-01,0.954,0.945,1,1,0,1,1,0,1,1,3856,0.59,6,8
47,2024-02,0.841,0.813,1,1,1,1,1,2,1,0,4954,0.97,7,8
47,2024-03,0.868,0.96,2,1,2,1,1,0,1,1,2819,0.98,7,8
47,2024-04,0.777,0.823,1,1,3,1,1,0,0,1,3586,0.94,7,8
47,2024-05,0.965,0.76,1,1,1,1,0,0,1,1,4329,0.97,6,8
47,2024-06,0.871,0.897,2,1,3,1,1,1,1,1,2642,0.99,8,8
47,2024-07,0.935,0.786,1,1,1,1,0,1,1,1,3939,0.9,7,8
47,2024-08,0.956,0.858,2,1,3,1,1,1,1,1,4423,0.94,6,8
47,2024-09,0.943,0.895,1,1,0,1,1,2,1,1,3963,0.79,8,8
47,2024-10,0.988,0.88,1,1,1,1,0,2,1,0,2543,0.97,7,8
47,2024-11,0.8,0.975,2,1,0,1,1,0,1,0,4390,0.83,6,8
47,2024-12,0.986,0.896,2,1,1,0,1,1,1,1,2005,0.83,8,8
48,2024-01,0.978,0.699,1,1,2,1,1,1,1,1,4356,0.9,6,8
48,2024-02,0.984,0.735,1,1,2,1,1,2,1,1,3568,0.87,7,8
48,2024-03,0.991,0.843,2,1,2,1,1,2,1,1,2838,0.94,6,8
48,2024-04,0.963,0.97,2,1,0,1,0,2,1,1,2923,0.91,7,8
48,2024-05,0.921,0.763,2,0,3,1,1,1,1,1,2502,0.98,7,8
48,2024-06,0.977,0.847,2,1,2,1,0,0,1,0,2357,0.95,6,8
48,2024-07,0.987,0.894,2,0,2,0,1,0,1,1,4032,0.94,6,8
48,2024-08,0.915,0.9,1,1,0,1,0,2,0,1,3720,0.63,7,8
48,2024-09,0.935,0.665,1,1,0,1,0,2,1,1,3404,0.94,8,8
48,2024-10,0.994,0.855,2,1,3,1,1,1,1,1,3983,0.96,7,8
48,2024-11,0.884,0.926,2,1,0,1,1,0,1,1,4192,0.96,7,8
48,2024-12,0.945,0.613,1,0,1,1,1,1,1,1,3514,0.87,6,8
49,2024-01,0.965,0.745,1,1,0,1,0,0,0,1,4211,0.86,6,8
49,2024-02,0.768,0.936,2,1,0,1,1,0,0,0,3311,0.91,6,8
49,2024-03,0.636,0.942,1,0,2,1,1,1,0,0,4349,0.99,8,8
49,2024-04,0.899,0.889,1,1,3,1,1,1,0,0,2571,0.92,8,8
49,2024-05,0.894,0.941,1,1,3,1,1,1,0,1,2225,0.83,8,8
49,2024-06,0.934,0.75,1,1,1,1,0,0,0,1,4205,0.93,7,8
49,2024-07,0.868,0.84,1,0,3,1,1,2,0,1,2229,0.91,8,8
49,2024-08,0.881,0.921,2,1,3,1,1,1,0,1,3261,0.93,7,8
49,2024-09,0.864,0.834,1,1,3,1,1,1,0,1,4981,0.99,7,8
49,2024-10,0.939,0.67,2,1,0,1,1,2,0,0,2270,0.65,8,8
49,2024-11,0.911,0.846,2,1,3,1,1,0,0,1,4909,0.81,8,8
49,2024-12,0.824,0.671,1,1,3,1,1,1,0,0,3244,0.98,7,8
50,2024-01,0.928,0.91,2,1,0,1,1,2,0,0,3935,0.77,6,8
50,2024-02,0.989,0.835,2,1,3,0,1,0,0,1,3135,0.89,7,8
50,2024-03,0.914,0.857,1,1,2,1,1,1,0,1,3949,0.99,8,8
50,2024-04,0.924,0.883,1,1,0,1,1,0,0,1,3888,0.78,8,8
50,2024-05,0.982,0.904,1,1,0,1,1,1,0,1,3194,0.84,8,8
50,2024-06,0.897,0.907,1,1,1,1,1,0,0,1,3295,0.97,8,8
50,2024-07,0.966,0.794,2,1,2,1,1,0,0,1,4122,0.9,7,8
50,2024-08,0.97,0.793,2,1,3,1,0,0,0,1,4061,0.98,6,8
50,2024-09,0.984,0.814,1,1,0,1,0,0,0,0,2071,0.81,7,8
50,2024-10,0.913,0.866,2,1,2,1,1,2,0,1,3401,0.9,6,8
50,2024-11,0.948,0.848,2,1,0,1,0,0,0,1,3259,0.71,6,8
50,2024-12,0.958,0.811,1,1,0,1,0,0,0,1,3983,0.87,7,8
51,2024-01,0.796,0.766,1,1,0,1,1,0,1,0,2177,0.88,6,8
51,2024-02,0.983,0.6,2,1,0,1,0,0,1,1,4746,0.9,7,8
51,2024-03,0.919,0.868,1,1,2,0,1,0,1,0,4510,0.87,6,8
51,2024-04,0.895,0.914,1,1,0,1,0,1,1,0,2017,0.96,8,8
51,2024-05,0.875,0.93,1,0,3,1,1,1,1,1,3453,0.94,7,8
51,2024-06,0.916,0.799,2,1,1,1,0,1,1,1,2556,0.84,7,8
51,2024-07,0.967,0.795,2,1,0,1,1,1,1,1,3277,0.95,8,8
51,2024-08,0.979,0.843,2,1,3,1,0,0,1,0,3948,0.97,8,8
51,2024-09,0.879,0.914,2,1,3,1,1,2,1,1,2587,0.79,7,8
51,2024-10,0.957,0.777,2,1,0,1,0,0,1,0,3387,0.91,6,8
51,2024-11,0.866,0.888,2,1,3,1,1,2,1,1,4637,0.81,7,8
51,2024-12,0.955,0.838,2,1,3,0,1,0,1,1,3026,0.91,7,8
52,2024-01,0.889,0.149,1,1,0,1,1,0,0,1,4782,0.95,7,8
52,2024-02,0.905,0.046,1,1,3,1,1,2,1,1,4221,0.97,7,8
52,2024-03,0.927,0.243,1,0,0,0,0,0,1,1,3541,0.96,7,8
52,2024-04,0.844,0.138,1,1,2,0,1,1,1,1,3996,0.96,6,8
52,2024-05,0.893,0.171,2,1,3,1,0,2,1,1,4420,0.8,7,8
52,2024-06,0.808,0.185,2,1,2,1,1,0,1,1,4391,0.9,6,8
52,2024-07,0.967,0.23,2,1,3,1,1,1,1,1,2961,0.87,8,8
52,2024-08,0.969,0.094,1,0,0,0,1,0,1,1,3887,0.93,8,8
52,2024-09,0.764,0.259,2,1,3,1,0,1,1,1,2400,0.86,7,8
52,2024-10,0.732,0.03,1,1,2,1,1,1,1,1,2308,0.82,8,8
52,2024-11,0.998,0.064,2,1,3,1,1,0,1,1,4424,0.97,7,8
52,2024-12,0.856,0.082,2,1,2,1,1,1,1,1,4717,0.96,8,8
53,2024-01,0.828,0.954,2,1,3,1,1,2,1,1,2076,0.95,8,8
53,2024-02,0.931,0.97,1,1,1,1,0,1,1,1,4516,0.89,7,8
53,2024-03,0.906,0.872,1,1,2,1,1,2,1,1,3783,0.96,7,8
53,2024-04,0.938,0.82,2,0,0,1,0,1,1,1,3050,0.79,8,8
53,2024-05,0.992,0.942,1,1,0,1,1,1,1,1,3786,0.93,7,8
53,2024-06,0.815,0.873,1,1,2,1,1,1,1,1,2172,0.88,8,8
53,2024-07,0.918,0.899,2,1,0,0,1,2,1,1,3667,0.91,7,8
53,2024-08,0.907,0.87,1,1,1,1,1,2,0,1,4377,0.91,8,8
53,2024-09,0.953,0.839,2,1,0,1,1,1,1,1,3597,0.99,8,8
53,2024-10,0.953,0.861,1,0,1,1,1,1,1,1,4414,0.95,6,8
53,2024-11,0.961,0.832,2,1,0,1,1,2,1,1,2593,0.88,7,8
53,2024-12,0.901,0.955,2,1,2,1,0,2,1,1,2223,0.92,8,8
54,2024-01,0.958,0.87,1,1,3,1,0,1,0,1,4190,0.87,6,8
54,2024-02,0.925,0.813,2,1,3,0,0,1,1,0,2964,0.92,7,8
54,2024-03,0.947,0.823,1,0,1,0,1,2,1,1,2328,0.97,7,8
54,2024-04,0.878,0.941,2,1,2,1,0,0,1,1,4073,0.88,6,8
54,2024-05,0.862,0.957,2,1,2,1,1,0,1,1,3816,0.81,8,8
54,2024-06,0.909,0.789,1,1,1,1,1,0,1,1,4922,0.81,8,8
54,2024-07,0.913,0.718,1,0,3,1,1,1,1,1,2710,0.86,8,8
54,2024-08,0.921,0.861,2,1,1,1,1,1,1,0,4336,0.89,6,8
54,2024-09,0.944,0.968,1,0,1,0,0,0,1,0,2203,0.95,7,8
54,2024-10,0.813,0.916,2,1,1,1,1,2,1,1,3782,0.78,7,8
54,2024-11,0.964,0.974,2,1,1,1,0,1,1,1,2533,0.92,7,8
54,2024-12,0.91,0.866,1,1,2,1,1,0,1,1,3188,0.95,7,8
55,2024-01,0.991,0.071,2,0,2,1,1,0,1,1,3324,0.89,8,8
55,2024-02,0.855,0.119,1,1,3,1,1,0,1,1,2961,0.88,7,8
55,2024-03,0.925,0.272,1,1,3,1,1,1,1,0,2168,0.89,8,8
55,2024-04,0.909,0.054,1,1,2,0,1,1,1,1,3066,0.74,6,8
55,2024-05,0.936,0.094,1,1,2,1,0,1,0,1,3080,0.85,8,8
55,2024-06,0.87,0.094,1,1,3,1,1,2,1,1,2773,0.92,6,8
55,2024-07,0.857,0.016,1,1,2,1,1,0,0,0,2167,0.99,7,8
55,2024-08,0.914,0.107,2,1,0,1,0,0,1,1,3163,0.88,6,8
55,2024-09,0.954,0.25,2,1,1,1,0,2,1,1,2314,0.75,6,8
55,2024-10,0.931,0.23,1,0,0,1,0,0,1,1,2434,0.89,7,8
55,2024-11,0.957,0.046,1,1,3,1,0,2,1,1,2179,0.98,8,8
55,2024-12,0.642,0.187,2,1,1,1,1,2,1,0,2289,0.89,8,8
56,2024-01,0.95,0.847,2,1,2,1,0,1,1,0,2667,0.89,7,8
56,2024-02,0.909,0.841,2,1,1,1,1,1,1,0,4805,0.78,8,8
56,2024-03,0.966,0.765,1,1,0,1,1,1,1,1,3099,0.74,8,8
56,2024-04,0.964,0.899,2,1,3,1,1,1,1,1,4102,0.98,7,8
56,2024-05,0.99,0.841,2,1,1,0,1,2,1,1,3791,0.96,6,8
56,2024-06,0.965,0.679,2,1,1,1,1,0,1,1,2195,0.85,8,8
56,2024-07,0.988,0.942,1,0,0,1,1,1,1,1,3037,0.98,7,8
56,2024-08,0.946,0.941,2,1,0,1,1,0,1,0,2185,0.95,6,8
56,2024-09,0.966,0.89,2,0,2,1,0,2,1,0,3398,0.91,6,8
56,2024-10,0.986,0.971,1,1,2,0,1,2,1,1,2054,0.87,6,8
56,2024-11,0.922,0.872,2,1,3,0,0,2,1,1,4526,0.98,7,8
56,2024-12,0.886,0.818,2,0,0,1,1,0,1,1,2770,0.92,6,8
57,2024-01,0.961,0.761,1,1,1,1,1,2,1,1,2352,0.75,7,8
57,2024-02,0.921,0.955,2,1,3,1,1,0,1,1,3986,0.96,7,8
57,2024-03,0.895,0.936,1,0,1,1,1,1,1,1,4582,0.72,8,8
57,2024-04,0.967,0.728,2,0,3,1,1,2,0,1,3637,0.66,7,8
57,2024-05,0.786,0.955,2,1,0,1,1,1,1,1,4655,0.99,7,8
57,2024-06,0.98,0.969,2,1,2,1,1,0,1,1,3408,0.65,7,8
57,2024-07,0.973,0.863,1,1,2,0,0,2,1,1,3201,0.88,8,8
57,2024-08,0.897,0.946,2,0,2,1,0,0,1,1,2353,0.87,8,8
57,2024-09,0.995,0.814,2,1,1,1,1,1,0,1,2961,0.94,6,8
57,2024-10,0.915,0.976,1,0,2,0,1,0,1,0,4062,0.95,6,8
57,2024-11,0.829,0.9,1,1,0,1,1,0,1,0,3455,0.9,6,8
57,2024-12,0.933,0.881,2,0,0,1,0,1,1,0,2454,0.86,6,8
58,2024-01,0.71,0.234,1,0,0,1,1,0,1,0,2643,0.87,8,8
58,2024-02,0.828,0.088,2,1,3,1,1,2,1,0,2503,0.71,6,8
58,2024-03,0.916,0.132,2,1,0,1,0,1,1,1,3089,0.98,7,8
58,2024-04,0.935,0.215,2,1,1,1,0,1,1,1,3756,0.88,7,8
58,2024-05,0.94,0.275,2,0,2,0,1,0,1,1,2285,0.91,6,8
58,2024-06,0.944,0.101,2,0,1,1,1,0,1,1,4353,0.89,6,8
58,2024-07,0.782,0.293,2,1,2,1,1,1,1,1,4161,0.96,8,8
58,2024-08,0.949,0.276,2,1,1,0,1,2,1,1,4657,0.61,7,8
58,2024-09,0.981,0.233,2,1,2,1,0,0,1,1,2875,0.97,6,8
58,2024-10,0.924,0.154,2,1,1,1,0,2,1,1,3244,0.99,8,8
58,2024-11,0.851,0.127,1,1,2,1,1,0,1,1,2510,0.6,7,8
58,2024-12,0.989,0.089,1,1,1,1,0,2,1,0,4725,0.98,8,8
59,2024-01,0.843,0.86,1,1,2,1,0,2,1,1,4128,0.95,8,8
59,2024-02,0.894,0.88,1,1,1,1,1,0,1,1,3687,0.95,6,8
59,2024-03,0.962,0.931,1,1,1,1,1,1,1,1,4289,0.99,8,8
59,2024-04,0.955,0.933,2,0,3,1,0,2,0,1,3707,0.94,6,8
59,2024-05,0.979,0.905,1,1,3,1,1,2,1,1,4844,0.93,6,8
59,2024-06,0.934,0.879,2,1,1,0,1,0,1,1,2495,0.97,7,8
59,2024-07,0.969,0.716,2,1,1,1,1,1,1,1,2585,0.91,6,8
59,2024-08,0.906,0.819,2,1,2,0,1,2,1,1,3428,0.93,6,8
59,2024-09,0.988,0.803,1,1,2,1,0,1,1,1,4480,0.99,6,8
59,2024-10,0.948,0.962,1,1,3,1,1,0,1,1,4559,0.82,8,8
59,2024-11,0.895,0.876,2,1,3,1,1,2,1,1,4645,1.0,6,8
59,2024-12,0.965,0.847,1,1,2,1,1,2,1,0,4219,0.92,8,8
60,2024-01,0.934,0.899,1,0,1,1,1,0,0,1,4178,0.84,6,8
60,2024-02,0.92,0.904,1,1,1,1,0,2,0,1,4185,0.92,8,8
60,2024-03,0.912,0.854,2,1,0,1,0,1,0,1,3699,0.84,6,8
60,2024-04,0.887,0.798,2,1,0,1,1,0,0,1,2748,0.91,7,8
60,2024-05,0.846,0.969,1,1,3,1,1,1,0,1,4921,0.78,6,8
60,2024-06,0.92,0.906,2,1,2,1,0,1,0,1,2495,0.96,6,8
60,2024-07,0.821,0.838,1,1,1,1,0,1,0,0,3103,0.82,6,8
60,2024-08,0.975,0.906,2,1,3,1,1,2,0,1,2076,0.89,7,8
60,2024-09,0.933,0.933,1,1,1,1,1,0,0,0,4049,0.85,6,8
60,2024-10,0.988,0.914,1,1,1,1,1,1,0,0,4273,0.86,7,8
60,2024-11,0.958,0.799,1,1,3,0,1,2,0,0,2002,0.86,6,8
60,2024-12,0.951,0.708,2,1,2,1,1,1,0,0,2871,0.88,8,8
61,2024-01,0.95,0.893,2,1,0,1,1,0,1,1,3144,0.88,7,8
61,2024-02,0.956,0.962,1,1,2,0,0,2,1,0,3854,0.88,7,8
61,2024-03,0.985,0.907,1,1,2,1,1,2,1,0,2547,0.93,8,8
61,2024-04,0.981,0.813,1,1,0,0,1,1,1,1,4002,0.92,7,8
61,2024-05,0.969,0.737,1,1,0,1,0,2,1,1,3541,0.69,8,8
61,2024-06,0.961,0.847,2,1,0,1,1,0,1,1,2081,0.98,7,8
61,2024-07,0.932,0.828,2,1,2,1,1,1,0,1,4018,0.88,8,8
61,2024-08,0.904,0.758,1,1,3,1,1,2,1,1,4702,0.89,8,8
61,2024-09,0.783,0.939,1,1,1,1,1,2,1,0,4985,0.98,7,8
61,2024-10,0.929,0.889,1,0,0,0,1,2,1,1,3859,0.78,6,8
61,2024-11,0.914,0.895,2,1,0,0,1,1,1,1,3911,0.88,7,8
61,2024-12,0.948,0.906,2,1,0,0,1,1,0,1,3295,0.99,6,8
62,2024-01,0.977,0.931,2,1,0,0,0,2,0,1,4824,0.77,7,8
62,2024-02,0.923,0.831,1,0,1,1,1,2,0,1,2114,0.78,7,8
62,2024-03,0.964,0.962,2,0,2,1,1,1,0,1,3395,0.87,6,8
62,2024-04,0.957,0.982,2,1,1,0,0,2,0,1,2391,0.88,8,8
62,2024-05,0.964,0.788,2,1,0,0,0,1,0,1,4840,0.91,6,8
62,2024-06,0.895,0.979,1,1,3,1,1,1,0,1,4775,0.66,6,8
62,2024-07,0.89,0.919,1,1,3,1,1,1,0,1,4455,0.82,8,8
62,2024-08,0.935,0.952,1,1,3,1,0,2,0,1,4666,0.97,8,8
62,2024-09,0.892,0.938,1,1,2,1,1,0,0,1,2276,0.77,8,8
62,2024-10,0.903,0.572,1,0,1,1,1,1,0,1,4543,0.86,7,8
62,2024-11,0.951,0.719,1,1,0,1,1,1,0,1,4669,0.78,7,8
62,2024-12,0.999,0.953,2,1,1,1,1,1,0,1,2033,0.75,8,8
63,2024-01,0.977,0.778,1,1,0,1,1,0,1,1,2280,0.91,7,8
63,2024-02,0.777,0.977,1,1,3,1,1,2,1,1,3227,0.83,7,8
63,2024-03,0.927,0.914,2,1,3,0,0,1,1,1,2913,0.97,8,8
63,2024-04,0.868,0.904,1,1,1,1,0,1,1,1,3639,0.88,6,8
63,2024-05,0.716,0.909,1,1,0,1,1,0,1,1,4398,0.95,7,8
63,2024-06,0.965,0.877,1,0,1,1,1,1,1,1,4271,0.94,6,8
63,2024-07,0.815,0.892,1,1,1,1,0,0,1,1,4682,0.79,6,8
63,2024-08,0.841,0.946,2,0,2,1,1,1,1,0,4552,0.72,7,8
63,2024-09,0.868,0.838,1,1,1,1,1,1,1,1,3759,0.88,8,8
63,2024-10,0.937,0.799,1,0,1,0,1,0,1,1,3147,0.91,6,8
63,2024-11,0.91,0.901,2,1,0,1,0,2,1,1,4642,0.87,8,8
63,2024-12,0.873,0.907,2,1,3,1,0,2,1,1,4026,0.8,7,8
64,2024-01,0.981,0.891,2,1,0,1,0,1,1,1,3253,0.91,7,8
64,2024-02,0.965,0.942,2,1,2,1,1,0,1,1,2942,0.96,8,8
64,2024-03,0.886,0.83,1,1,2,1,1,1,1,1,3118,0.62,7,8
64,2024-04,0.944,0.67,1,1,1,1,1,0,1,1,4239,0.9,8,8
64,2024-05,0.934,0.589,1,1,1,1,1,0,1,1,4765,0.92,7,8
64,2024-06,0.95,0.99,2,1,2,1,1,0,0,0,4224,0.89,7,8
64,2024-07,0.945,0.934,1,1,2,1,0,1,0,0,4684,0.98,6,8
64,2024-08,0.903,0.914,2,1,1,0,1,2,1,1,4112,0.89,8,8
64,2024-09,0.916,0.696,2,1,3,1,1,0,1,0,3710,0.72,6,8
64,2024-10,0.776,0.779,2,1,0,1,1,0,1,1,4047,0.81,8,8
64,2024-11,0.812,0.861,2,1,3,1,0,2,1,1,2095,0.91,8,8
64,2024-12,0.973,0.77,1,0,1,0,0,2,1,1,4489,0.65,8,8
65,2024-01,0.889,0.935,2,0,1,0,1,1,1,1,4332,0.95,7,8
65,2024-02,0.995,0.944,2,1,0,1,1,2,1,1,2815,0.91,6,8
65,2024-03,0.917,0.881,2,1,1,1,1,1,1,1,2703,0.93,7,8
65,2024-04,0.928,0.861,2,1,0,1,1,2,1,0,2845,0.85,6,8
65,2024-05,0.848,0.869,1,1,3,1,1,1,1,1,4805,0.89,7,8
65,2024-06,0.971,0.858,2,1,1,1,0,2,1,1,4331,0.95,7,8
65,2024-07,0.913,0.965,2,1,0,1,1,1,1,0,3218,0.74,7,8
65,2024-08,0.897,0.885,1,1,1,0,0,1,1,1,4861,0.97,8,8
65,2024-09,0.783,0.916,1,1,0,1,0,1,1,1,4730,0.9,6,8
65,2024-10,0.967,0.8,1,0,3,0,1,1,1,1,3335,0.64,7,8
65,2024-11,0.871,0.938,2,1,1,1,1,0,1,1,3891,0.95,7,8
65,2024-12,0.968,0.834,2,1,1,1,1,0,1,1,4745,0.94,8,8
66,2024-01,0.961,0.812,2,1,0,1,1,2,0,0,2574,0.85,7,8
66,2024-02,0.99,0.974,2,0,1,1,1,0,0,1,4189,0.84,8,8
66,2024-03,0.865,0.683,2,1,0,1,1,1,0,1,4926,0.85,6,8
66,2024-04,0.963,0.963,1,1,0,1,0,2,0,1,4703,0.98,6,8
66,2024-05,0.961,0.973,2,1,3,1,1,1,0,0,3022,0.86,7,8
66,2024-06,0.914,0.658,1,1,0,1,0,1,0,0,4785,0.96,8,8
66,2024-07,0.995,0.954,1,1,0,1,0,0,0,1,2180,0.99,7,8
66,2024-08,0.808,0.739,1,0,2,1,1,0,0,0,3618,0.73,7,8
66,2024-09,0.874,0.772,1,1,0,1,1,1,0,1,2049,0.94,7,8
66,2024-10,0.873,0.841,1,1,0,1,1,2,0,1,2275,0.98,6,8
66,2024-11,0.879,0.807,2,1,3,0,1,2,0,0,4331,0.87,6,8
66,2024-12,0.856,0.809,2,0,2,0,1,2,0,0,4841,0.6,6,8
67,2024-01,0.67,0.842,2,1,2,0,1,0,1,1,4396,0.73,7,8
67,2024-02,0.937,0.856,2,1,1,1,0,0,1,1,2508,0.87,7,8
67,2024-03,0.986,0.724,1,1,1,1,1,1,1,1,3539,0.97,6,8
67,2024-04,0.882,0.896,1,1,3,1,1,1,1,0,2162,0.83,8,8
67,2024-05,0.964,0.764,2,1,2,1,1,2,1,1,4209,0.95,6,8
67,2024-06,0.953,0.819,1,0,1,1,1,1,1,1,2264,0.89,7,8
67,2024-07,0.938,0.871,1,0,0,1,1,0,1,1,4248,0.76,6,8
67,2024-08,0.947,0.833,1,1,3,1,1,2,1,1,4481,0.88,6,8
67,2024-09,0.883,0.94,2,1,3,0,1,1,1,0,3631,0.96,7,8
67,2024-10,0.917,0.965,1,1,3,1,0,0,1,0,2081,1.0,7,8
67,2024-11,0.968,0.92,2,0,2,1,1,2,1,1,3252,0.98,7,8
67,2024-12,0.971,0.882,2,1,3,1,1,1,1,0,2017,0.99,6,8
68,2024-01,0.914,0.975,2,1,3,0,0,1,1,1,4409,0.94,6,8
68,2024-02,0.995,0.747,2,0,0,1,1,0,1,0,4958,0.94,7,8
68,2024-03,0.952,0.761,2,1,2,1,1,1,1,1,2141,0.87,7,8
68,2024-04,0.816,0.786,1,1,1,1,1,2,1,1,4368,0.88,8,8
68,2024-05,0.988,0.902,1,1,0,1,0,1,1,0,2329,0.84,8,8
68,2024-06,0.958,0.902,1,0,1,1,1,1,1,1,3567,0.98,8,8
68,2024-07,0.827,0.798,2,1,0,1,1,1,1,1,2858,0.83,8,8
68,2024-08,0.939,0.745,2,1,0,0,0,0,1,0,3711,0.98,8,8
68,2024-09,0.958,0.822,2,1,3,1,1,2,1,1,4058,0.77,6,8
68,2024-10,0.977,0.839,2,1,1,1,1,0,1,1,3674,0.88,7,8
68,2024-11,0.971,0.863,1,0,1,1,1,0,1,1,4398,0.76,6,8
68,2024-12,0.944,0.807,2,1,0,1,1,0,1,0,2171,0.98,6,8
69,2024-01,0.887,0.926,1,1,0,1,1,1,0,1,3380,0.94,8,8
69,2024-02,0.956,0.987,2,1,2,0,0,1,1,1,2234,0.93,7,8
69,2024-03,0.877,0.923,2,0,0,1,1,2,1,0,2105,0.94,8,8
69,2024-04,0.955,0.934,1,0,2,0,0,0,1,1,4698,0.96,7,8
69,2024-05,0.808,0.963,2,1,0,0,0,1,1,1,2187,0.98,8,8
69,2024-06,0.953,0.836,2,1,1,1,1,2,1,1,3950,0.96,8,8
69,2024-07,0.875,0.647,1,1,2,1,0,2,1,0,4935,0.97,8,8
69,2024-08,0.843,0.853,1,1,0,1,1,2,0,1,3827,0.69,6,8
69,2024-09,0.869,0.849,2,1,1,1,1,2,1,1,4931,0.96,6,8
69,2024-10,0.928,0.757,1,0,2,0,0,0,1,1,4746,0.9,6,8
69,2024-11,0.892,0.755,1,0,3,1,1,0,0,0,4460,0.74,6,8
69,2024-12,0.979,0.877,2,1,3,1,0,1,1,1,2473,0.98,7,8
70,2024-01,0.743,0.931,1,1,2,1,0,2,0,1,2521,0.97,7,8
70,2024-02,0.946,0.866,2,1,0,1,1,0,1,0,3309,0.9,7,8
70,2024-03,0.83,0.824,1,1,1,1,1,1,1,0,3215,0.73,6,8
70,2024-04,0.972,0.955,2,1,1,1,1,2,1,0,2140,0.97,8,8
70,2024-05,0.988,0.834,2,1,0,1,0,2,1,0,4027,0.94,7,8
70,2024-06,0.977,0.874,2,1,2,1,0,2,0,1,2215,0.88,6,8
70,2024-07,0.986,0.966,2,1,2,0,1,0,0,1,3382,0.86,7,8
70,2024-08,0.896,0.669,2,0,3,1,1,1,1,0,4871,0.95,8,8
70,2024-09,0.832,0.86,2,1,2,1,1,0,1,1,3874,0.84,8,8
70,2024-10,0.898,0.826,1,1,3,1,1,0,1,0,2801,0.82,8,8
70,2024-11,0.912,0.816,1,1,0,1,0,0,1,0,4783,0.97,6,8
70,2024-12,0.942,0.826,1,1,3,1,1,2,1,1,2608,0.98,8,8
71,2024-01,0.777,0.894,2,1,0,1,1,2,1,1,3537,0.96,8,8
71,2024-02,0.865,0.889,1,1,3,1,1,1,1,1,2499,0.88,7,8
71,2024-03,0.976,0.797,1,1,3,1,0,2,1,1,4640,0.91,8,8
71,2024-04,0.993,0.948,2,1,1,1,1,2,1,0,2080,0.89,7,8
71,2024-05,0.903,0.92,2,1,0,1,1,2,1,1,4453,0.85,8,8
71,2024-06,0.907,0.812,1,1,3,1,1,0,1,1,2359,0.88,8,8
71,2024-07,0.833,0.924,2,0,0,1,1,1,1,1,3732,0.8,8,8
71,2024-08,0.848,0.928,1,1,0,0,1,1,1,1,4363,0.94,7,8
71,2024-09,0.889,0.913,2,1,2,1,1,2,1,0,2971,0.93,6,8
71,2024-10,0.988,0.881,1,1,1,0,1,0,1,1,4986,0.89,8,8
71,2024-11,0.87,0.934,2,1,2,1,1,0,1,1,3041,0.93,8,8
71,2024-12,0.965,0.881,2,0,1,1,1,2,1,1,4644,0.67,6,8
72,2024-01,0.922,0.952,2,1,1,1,1,1,1,0,3013,0.88,6,8
72,2024-02,0.954,0.854,2,1,0,1,1,1,1,1,3366,0.97,7,8
72,2024-03,0.943,0.933,1,0,1,1,1,0,1,1,2505,0.91,6,8
72,2024-04,0.91,0.884,2,1,3,1,1,2,1,1,4488,0.94,6,8
72,2024-05,0.908,0.785,1,1,3,1,0,2,0,1,4435,0.92,7,8
72,2024-06,0.854,0.78,2,1,2,1,1,0,1,1,4324,0.98,8,8
72,2024-07,0.992,0.785,2,1,2,1,1,2,1,1,3797,0.97,7,8
72,2024-08,0.895,0.88,2,1,2,0,1,2,1,0,3250,0.68,8,8
72,2024-09,0.977,0.979,1,0,3,1,0,2,1,1,2383,0.99,6,8
72,2024-10,0.974,0.795,1,1,2,1,1,0,0,1,4083,0.87,8,8
72,2024-11,0.904,0.91,1,1,0,1,1,2,1,1,4188,0.93,8,8
72,2024-12,0.931,0.867,2,1,0,1,0,2,0,0,2921,0.83,6,8
73,2024-01,0.915,0.793,1,1,1,1,0,1,1,1,2463,0.9,7,8
73,2024-02,0.901,0.78,1,0,0,1,1,1,1,1,4329,0.97,7,8
73,2024-03,0.982,0.962,1,0,0,0,0,1,1,1,3885,0.89,7,8
73,2024-04,0.851,0.885,2,1,0,1,0,1,1,1,4015,0.78,6,8
73,2024-05,0.978,0.864,1,1,1,1,0,0,1,1,2926,0.97,7,8
73,2024-06,0.978,0.888,2,1,2,1,1,1,1,1,3799,0.88,6,8
73,2024-07,0.979,0.801,1,1,3,1,0,2,1,1,2164,0.86,6,8
73,2024-08,0.891,0.953,2,1,2,0,1,0,0,0,3088,0.95,6,8
73,2024-09,0.984,0.975,2,1,3,1,0,1,1,0,3637,0.86,8,8
73,2024-10,0.845,0.949,2,1,0,1,1,1,1,0,2968,0.94,6,8
73,2024-11,0.677,0.858,2,1,0,1,1,1,1,1,4529,0.87,6,8
73,2024-12,0.956,0.743,1,1,0,0,0,0,1,1,3941,1.0,8,8
74,2024-01,0.953,0.992,1,1,1,1,0,2,1,1,2541,0.95,7,8
74,2024-02,0.725,0.852,1,1,1,0,1,2,1,0,3557,0.88,7,8
74,2024-03,0.806,0.737,2,1,1,1,1,0,1,1,3246,0.91,6,8
74,2024-04,0.752,0.944,2,1,2,1,1,0,1,1,4705,0.95,8,8
74,2024-05,0.926,0.857,2,1,3,1,1,1,1,0,3489,0.95,7,8
74,2024-06,0.87,0.9,2,1,0,1,0,0,1,1,3480,1.0,8,8
74,2024-07,0.959,0.659,2,1,2,1,1,0,1,1,2492,0.83,6,8
74,2024-08,0.982,0.919,1,1,3,0,1,2,1,1,3942,0.98,6,8
74,2024-09,0.873,0.769,1,1,1,1,0,2,0,0,3836,0.96,8,8
74,2024-10,0.883,0.834,1,0,0,1,1,2,1,1,3122,1.0,8,8
74,2024-11,0.937,0.856,1,1,0,1,1,2,1,1,4180,0.88,8,8
74,2024-12,0.756,0.971,1,1,3,1,1,2,1,1,2655,0.88,8,8
